category,date,img_name,video_id
clean,20181126,11_20181126_frames001541.jpg,11
clean,20181126,11_20181126_frames001542.jpg,11
clean,20181126,11_20181126_frames001543.jpg,11
clean,20181126,11_20181126_frames001544.jpg,11
clean,20181126,11_20181126_frames001545.jpg,11
clean,20181126,11_20181126_frames001546.jpg,11
clean,20181126,11_20181126_frames001547.jpg,11
clean,20181126,11_20181126_frames001548.jpg,11
clean,20181126,11_20181126_frames001549.jpg,11
clean,20181126,11_20181126_frames001550.jpg,11
clean,20181126,11_20181126_frames001551.jpg,11
clean,20181126,11_20181126_frames001552.jpg,11
clean,20181126,11_20181126_frames001553.jpg,11
clean,20181126,11_20181126_frames001554.jpg,11
clean,20181126,11_20181126_frames001555.jpg,11
clean,20181126,11_20181126_frames001556.jpg,11
clean,20181126,11_20181126_frames001557.jpg,11
clean,20181126,11_20181126_frames001558.jpg,11
clean,20181126,11_20181126_frames001559.jpg,11
clean,20181126,11_20181126_frames001560.jpg,11
clean,20181126,11_20181126_frames001561.jpg,11
clean,20181126,11_20181126_frames001562.jpg,11
clean,20181126,11_20181126_frames001563.jpg,11
clean,20181126,11_20181126_frames001564.jpg,11
clean,20181126,11_20181126_frames001574.jpg,11
clean,20181126,11_20181126_frames001575.jpg,11
clean,20181126,11_20181126_frames001576.jpg,11
clean,20181126,11_20181126_frames001577.jpg,11
clean,20181126,11_20181126_frames001578.jpg,11
clean,20181126,11_20181126_frames001579.jpg,11
clean,20181126,11_20181126_frames001580.jpg,11
clean,20181126,11_20181126_frames001581.jpg,11
clean,20181126,11_20181126_frames001582.jpg,11
clean,20181126,11_20181126_frames001583.jpg,11
clean,20181126,11_20181126_frames001584.jpg,11
clean,20181126,11_20181126_frames001585.jpg,11
clean,20181126,11_20181126_frames001586.jpg,11
clean,20181126,11_20181126_frames001587.jpg,11
clean,20181126,11_20181126_frames001588.jpg,11
clean,20181126,11_20181126_frames001589.jpg,11
clean,20181126,11_20181126_frames001590.jpg,11
clean,20181126,11_20181126_frames001591.jpg,11
clean,20181126,11_20181126_frames001592.jpg,11
clean,20181126,11_20181126_frames001593.jpg,11
clean,20181126,11_20181126_frames001594.jpg,11
clean,20181126,11_20181126_frames001595.jpg,11
clean,20181126,11_20181126_frames001596.jpg,11
clean,20181126,11_20181126_frames001597.jpg,11
clean,20181126,11_20181126_frames001598.jpg,11
clean,20181126,11_20181126_frames001599.jpg,11
clean,20181126,11_20181126_frames001600.jpg,11
clean,20181126,11_20181126_frames007443.jpg,11
clean,20181126,11_20181126_frames007444.jpg,11
clean,20181126,11_20181126_frames007445.jpg,11
clean,20181126,11_20181126_frames007446.jpg,11
clean,20181126,11_20181126_frames007447.jpg,11
clean,20181126,11_20181126_frames007448.jpg,11
clean,20181126,11_20181126_frames007449.jpg,11
clean,20181126,11_20181126_frames007450.jpg,11
clean,20181126,11_20181126_frames007451.jpg,11
clean,20181126,11_20181126_frames007452.jpg,11
clean,20181126,11_20181126_frames007453.jpg,11
clean,20181126,11_20181126_frames007454.jpg,11
clean,20181126,11_20181126_frames007455.jpg,11
clean,20181126,11_20181126_frames007456.jpg,11
clean,20181126,11_20181126_frames007457.jpg,11
clean,20181126,11_20181126_frames007458.jpg,11
clean,20181126,11_20181126_frames007459.jpg,11
clean,20181126,11_20181126_frames007460.jpg,11
clean,20181126,11_20181126_frames007461.jpg,11
clean,20181126,11_20181126_frames007462.jpg,11
clean,20181126,11_20181126_frames007463.jpg,11
clean,20181126,11_20181126_frames007464.jpg,11
clean,20181126,11_20181126_frames007465.jpg,11
notclean,20181126,11_20181126_frames008190.jpg,11
notclean,20181126,11_20181126_frames008191.jpg,11
notclean,20181126,11_20181126_frames008192.jpg,11
notclean,20181126,11_20181126_frames008193.jpg,11
notclean,20181126,11_20181126_frames008194.jpg,11
notclean,20181126,11_20181126_frames008195.jpg,11
notclean,20181126,11_20181126_frames008196.jpg,11
notclean,20181126,11_20181126_frames008197.jpg,11
notclean,20181126,11_20181126_frames008198.jpg,11
notclean,20181126,11_20181126_frames008199.jpg,11
notclean,20181126,11_20181126_frames008200.jpg,11
notclean,20181126,11_20181126_frames008201.jpg,11
notclean,20181126,11_20181126_frames008202.jpg,11
notclean,20181126,11_20181126_frames008203.jpg,11
notclean,20181126,11_20181126_frames008204.jpg,11
notclean,20181126,11_20181126_frames008205.jpg,11
notclean,20181126,11_20181126_frames008206.jpg,11
notclean,20181126,11_20181126_frames008207.jpg,11
notclean,20181126,11_20181126_frames008208.jpg,11
notclean,20181126,11_20181126_frames008209.jpg,11
notclean,20181126,11_20181126_frames008210.jpg,11
notclean,20181126,11_20181126_frames008211.jpg,11
notclean,20181126,11_20181126_frames008212.jpg,11
notclean,20181126,11_20181126_frames008213.jpg,11
notclean,20181126,11_20181126_frames008214.jpg,11
notclean,20181126,11_20181126_frames008215.jpg,11
notclean,20181126,11_20181126_frames008216.jpg,11
clean,20181126,11_20181126_frames010185.jpg,11
clean,20181126,11_20181126_frames010186.jpg,11
clean,20181126,11_20181126_frames010187.jpg,11
clean,20181126,11_20181126_frames010188.jpg,11
clean,20181126,11_20181126_frames010189.jpg,11
clean,20181126,11_20181126_frames010190.jpg,11
clean,20181126,11_20181126_frames010191.jpg,11
clean,20181126,11_20181126_frames010192.jpg,11
clean,20181126,11_20181126_frames010193.jpg,11
clean,20181126,11_20181126_frames010194.jpg,11
clean,20181126,11_20181126_frames010195.jpg,11
clean,20181126,11_20181126_frames010196.jpg,11
clean,20181126,11_20181126_frames010197.jpg,11
clean,20181126,11_20181126_frames010198.jpg,11
clean,20181126,11_20181126_frames010199.jpg,11
clean,20181126,11_20181126_frames010200.jpg,11
clean,20181126,11_20181126_frames010229.jpg,11
clean,20181126,11_20181126_frames010230.jpg,11
clean,20181126,11_20181126_frames010231.jpg,11
clean,20181126,11_20181126_frames010232.jpg,11
clean,20181126,11_20181126_frames010233.jpg,11
clean,20181126,11_20181126_frames010234.jpg,11
clean,20181126,11_20181126_frames010235.jpg,11
clean,20181126,11_20181126_frames010236.jpg,11
clean,20181126,11_20181126_frames010237.jpg,11
clean,20181126,11_20181126_frames010238.jpg,11
clean,20181126,11_20181126_frames010239.jpg,11
clean,20181126,11_20181126_frames010240.jpg,11
clean,20181126,11_20181126_frames010241.jpg,11
clean,20181126,11_20181126_frames010242.jpg,11
clean,20181126,11_20181126_frames010243.jpg,11
clean,20181126,11_20181126_frames010244.jpg,11
clean,20181126,11_20181126_frames010245.jpg,11
clean,20181126,11_20181126_frames010246.jpg,11
clean,20181126,11_20181126_frames010247.jpg,11
clean,20181126,11_20181126_frames010248.jpg,11
clean,20181126,11_20181126_frames010249.jpg,11
clean,20181126,11_20181126_frames010250.jpg,11
clean,20181126,11_20181126_frames010251.jpg,11
clean,20181126,11_20181126_frames010252.jpg,11
notclean,20181126,11_20181126_frames098044.jpg,11
notclean,20181126,11_20181126_frames098045.jpg,11
notclean,20181126,11_20181126_frames098046.jpg,11
notclean,20181126,11_20181126_frames098047.jpg,11
notclean,20181126,11_20181126_frames098048.jpg,11
notclean,20181126,11_20181126_frames098049.jpg,11
notclean,20181126,11_20181126_frames098050.jpg,11
notclean,20181126,11_20181126_frames098051.jpg,11
notclean,20181126,11_20181126_frames098052.jpg,11
notclean,20181126,11_20181126_frames098053.jpg,11
notclean,20181126,11_20181126_frames098054.jpg,11
notclean,20181126,11_20181126_frames098055.jpg,11
notclean,20181126,11_20181126_frames098056.jpg,11
notclean,20181126,11_20181126_frames098057.jpg,11
notclean,20181126,11_20181126_frames098058.jpg,11
notclean,20181126,11_20181126_frames098059.jpg,11
notclean,20181126,11_20181126_frames098060.jpg,11
notclean,20181126,11_20181126_frames098061.jpg,11
notclean,20181126,11_20181126_frames098062.jpg,11
notclean,20181126,11_20181126_frames098063.jpg,11
notclean,20181126,11_20181126_frames098064.jpg,11
notclean,20181126,11_20181126_frames098065.jpg,11
notclean,20181126,11_20181126_frames098066.jpg,11
notclean,20181126,11_20181126_frames147239.jpg,11
notclean,20181126,11_20181126_frames147240.jpg,11
notclean,20181126,11_20181126_frames147241.jpg,11
notclean,20181126,11_20181126_frames147242.jpg,11
notclean,20181126,11_20181126_frames147243.jpg,11
notclean,20181126,11_20181126_frames147244.jpg,11
notclean,20181126,11_20181126_frames147245.jpg,11
notclean,20181126,11_20181126_frames147246.jpg,11
notclean,20181126,11_20181126_frames147247.jpg,11
notclean,20181126,11_20181126_frames147248.jpg,11
notclean,20181126,11_20181126_frames147249.jpg,11
notclean,20181126,11_20181126_frames147250.jpg,11
notclean,20181126,11_20181126_frames147251.jpg,11
notclean,20181126,11_20181126_frames147252.jpg,11
notclean,20181126,11_20181126_frames147253.jpg,11
notclean,20181126,11_20181126_frames147254.jpg,11
notclean,20181126,11_20181126_frames147255.jpg,11
notclean,20181126,11_20181126_frames147256.jpg,11
notclean,20181126,11_20181126_frames147257.jpg,11
notclean,20181126,11_20181126_frames147258.jpg,11
notclean,20181126,11_20181126_frames147259.jpg,11
notclean,20181126,11_20181126_frames147260.jpg,11
notclean,20181126,11_20181126_frames147261.jpg,11
notclean,20181126,11_20181126_frames147262.jpg,11
notclean,20181126,11_20181126_frames147263.jpg,11
notclean,20181126,11_20181126_frames147264.jpg,11
notclean,20181126,11_20181126_frames194174.jpg,11
notclean,20181126,11_20181126_frames194175.jpg,11
notclean,20181126,11_20181126_frames194176.jpg,11
notclean,20181126,11_20181126_frames194177.jpg,11
notclean,20181126,11_20181126_frames194178.jpg,11
notclean,20181126,11_20181126_frames194179.jpg,11
notclean,20181126,11_20181126_frames194180.jpg,11
notclean,20181126,11_20181126_frames194181.jpg,11
notclean,20181126,11_20181126_frames194182.jpg,11
notclean,20181126,11_20181126_frames194183.jpg,11
notclean,20181126,11_20181126_frames194184.jpg,11
notclean,20181126,11_20181126_frames194185.jpg,11
notclean,20181126,11_20181126_frames194186.jpg,11
notclean,20181126,11_20181126_frames194187.jpg,11
notclean,20181126,11_20181126_frames194188.jpg,11
notclean,20181126,11_20181126_frames194189.jpg,11
notclean,20181126,11_20181126_frames194190.jpg,11
notclean,20181126,11_20181126_frames194191.jpg,11
notclean,20181126,11_20181126_frames194192.jpg,11
notclean,20181126,11_20181126_frames194193.jpg,11
notclean,20181126,11_20181126_frames194194.jpg,11
notclean,20181126,11_20181126_frames194195.jpg,11
notclean,20181126,11_20181126_frames194196.jpg,11
notclean,20181126,11_20181126_frames194197.jpg,11
notclean,20181126,11_20181126_frames194198.jpg,11
notclean,20181126,11_20181126_frames194199.jpg,11
notclean,20181126,11_20181126_frames194200.jpg,11
notclean,20181126,11_20181126_frames194201.jpg,11
notclean,20181126,11_20181126_frames194202.jpg,11
notclean,20181126,11_20181126_frames194203.jpg,11
notclean,20181126,11_20181126_frames196995.jpg,11
notclean,20181126,11_20181126_frames196996.jpg,11
notclean,20181126,11_20181126_frames196997.jpg,11
notclean,20181126,11_20181126_frames196998.jpg,11
notclean,20181126,11_20181126_frames196999.jpg,11
notclean,20181126,11_20181126_frames197000.jpg,11
notclean,20181126,11_20181126_frames197001.jpg,11
notclean,20181126,11_20181126_frames197002.jpg,11
notclean,20181126,11_20181126_frames197003.jpg,11
notclean,20181126,11_20181126_frames197004.jpg,11
notclean,20181126,11_20181126_frames197005.jpg,11
notclean,20181126,11_20181126_frames197006.jpg,11
notclean,20181126,11_20181126_frames197007.jpg,11
notclean,20181126,11_20181126_frames197008.jpg,11
notclean,20181126,11_20181126_frames197009.jpg,11
notclean,20181126,11_20181126_frames197010.jpg,11
notclean,20181126,11_20181126_frames197011.jpg,11
notclean,20181126,11_20181126_frames197012.jpg,11
notclean,20181126,11_20181126_frames197013.jpg,11
notclean,20181126,11_20181126_frames197014.jpg,11
notclean,20181126,11_20181126_frames197015.jpg,11
notclean,20181126,11_20181126_frames197016.jpg,11
notclean,20181126,11_20181126_frames197017.jpg,11
notclean,20181126,11_20181126_frames197018.jpg,11
notclean,20181126,11_20181126_frames197019.jpg,11
notclean,20181126,11_20181126_frames197020.jpg,11
notclean,20181126,11_20181126_frames197021.jpg,11
notclean,20181126,11_20181126_frames197022.jpg,11
notclean,20181126,11_20181126_frames197023.jpg,11
notclean,20181126,11_20181126_frames197024.jpg,11
notclean,20181126,11_20181126_frames197025.jpg,11
notclean,20181126,11_20181126_frames197026.jpg,11
notclean,20181126,11_20181126_frames197027.jpg,11
notclean,20181126,11_20181126_frames197028.jpg,11
notclean,20181126,11_20181126_frames197029.jpg,11
notclean,20181126,11_20181126_frames197030.jpg,11
notclean,20181126,11_20181126_frames197031.jpg,11
notclean,20181126,11_20181126_frames197032.jpg,11
notclean,20181126,11_20181126_frames197033.jpg,11
clean,20181129,13_20181129_frames000808.jpg,13
clean,20181129,13_20181129_frames000809.jpg,13
clean,20181129,13_20181129_frames000810.jpg,13
clean,20181129,13_20181129_frames000811.jpg,13
clean,20181129,13_20181129_frames000812.jpg,13
clean,20181129,13_20181129_frames000813.jpg,13
clean,20181129,13_20181129_frames000814.jpg,13
clean,20181129,13_20181129_frames000815.jpg,13
clean,20181129,13_20181129_frames000816.jpg,13
clean,20181129,13_20181129_frames000817.jpg,13
clean,20181129,13_20181129_frames000818.jpg,13
clean,20181129,13_20181129_frames000819.jpg,13
clean,20181129,13_20181129_frames000820.jpg,13
clean,20181129,13_20181129_frames000821.jpg,13
clean,20181129,13_20181129_frames000822.jpg,13
clean,20181129,13_20181129_frames000823.jpg,13
clean,20181129,13_20181129_frames000824.jpg,13
clean,20181129,13_20181129_frames000825.jpg,13
clean,20181129,13_20181129_frames000826.jpg,13
clean,20181129,13_20181129_frames000827.jpg,13
clean,20181129,13_20181129_frames000828.jpg,13
clean,20181129,13_20181129_frames000829.jpg,13
clean,20181129,13_20181129_frames000830.jpg,13
clean,20181129,13_20181129_frames000831.jpg,13
clean,20181129,13_20181129_frames000832.jpg,13
clean,20181129,13_20181129_frames000833.jpg,13
clean,20181129,13_20181129_frames000834.jpg,13
clean,20181129,13_20181129_frames000835.jpg,13
clean,20181129,13_20181129_frames000836.jpg,13
clean,20181129,13_20181129_frames000837.jpg,13
clean,20181129,13_20181129_frames000838.jpg,13
clean,20181129,13_20181129_frames000839.jpg,13
clean,20181129,13_20181129_frames000840.jpg,13
clean,20181129,13_20181129_frames000841.jpg,13
clean,20181129,13_20181129_frames000842.jpg,13
clean,20181129,13_20181129_frames000843.jpg,13
clean,20181129,13_20181129_frames000844.jpg,13
clean,20181129,13_20181129_frames000845.jpg,13
clean,20181129,13_20181129_frames000846.jpg,13
clean,20181129,13_20181129_frames000847.jpg,13
notclean,20181129,13_20181129_frames004199.jpg,13
notclean,20181129,13_20181129_frames004200.jpg,13
notclean,20181129,13_20181129_frames004201.jpg,13
notclean,20181129,13_20181129_frames004202.jpg,13
notclean,20181129,13_20181129_frames004203.jpg,13
notclean,20181129,13_20181129_frames004204.jpg,13
notclean,20181129,13_20181129_frames004205.jpg,13
notclean,20181129,13_20181129_frames004206.jpg,13
notclean,20181129,13_20181129_frames004207.jpg,13
notclean,20181129,13_20181129_frames004208.jpg,13
notclean,20181129,13_20181129_frames004209.jpg,13
notclean,20181129,13_20181129_frames004210.jpg,13
notclean,20181129,13_20181129_frames004211.jpg,13
notclean,20181129,13_20181129_frames004212.jpg,13
notclean,20181129,13_20181129_frames004213.jpg,13
notclean,20181129,13_20181129_frames004214.jpg,13
notclean,20181129,13_20181129_frames004215.jpg,13
notclean,20181129,13_20181129_frames004216.jpg,13
notclean,20181129,13_20181129_frames004217.jpg,13
notclean,20181129,13_20181129_frames004218.jpg,13
notclean,20181129,13_20181129_frames004219.jpg,13
notclean,20181129,13_20181129_frames004220.jpg,13
notclean,20181129,13_20181129_frames004221.jpg,13
notclean,20181129,13_20181129_frames004222.jpg,13
notclean,20181129,13_20181129_frames004223.jpg,13
notclean,20181129,13_20181129_frames004224.jpg,13
notclean,20181129,13_20181129_frames004225.jpg,13
notclean,20181129,13_20181129_frames004226.jpg,13
notclean,20181129,13_20181129_frames004227.jpg,13
notclean,20181129,13_20181129_frames004228.jpg,13
notclean,20181129,13_20181129_frames004229.jpg,13
notclean,20181129,13_20181129_frames004230.jpg,13
notclean,20181129,13_20181129_frames004231.jpg,13
notclean,20181129,13_20181129_frames004232.jpg,13
clean,20181203,17_20181203_frames007680.jpg,17
clean,20181203,17_20181203_frames007681.jpg,17
clean,20181203,17_20181203_frames007682.jpg,17
clean,20181203,17_20181203_frames007683.jpg,17
clean,20181203,17_20181203_frames007684.jpg,17
clean,20181203,17_20181203_frames007685.jpg,17
clean,20181203,17_20181203_frames007686.jpg,17
clean,20181203,17_20181203_frames007687.jpg,17
clean,20181203,17_20181203_frames007688.jpg,17
clean,20181203,17_20181203_frames007689.jpg,17
clean,20181203,17_20181203_frames007690.jpg,17
clean,20181203,17_20181203_frames007691.jpg,17
clean,20181203,17_20181203_frames007692.jpg,17
clean,20181203,17_20181203_frames007693.jpg,17
clean,20181203,17_20181203_frames007694.jpg,17
clean,20181203,17_20181203_frames007695.jpg,17
clean,20181203,17_20181203_frames007696.jpg,17
clean,20181203,17_20181203_frames007697.jpg,17
clean,20181203,17_20181203_frames007698.jpg,17
clean,20181203,17_20181203_frames007699.jpg,17
clean,20181203,17_20181203_frames007700.jpg,17
clean,20181203,17_20181203_frames007701.jpg,17
clean,20181203,17_20181203_frames007702.jpg,17
clean,20181203,17_20181203_frames007703.jpg,17
notclean,20181203,17_20181203_frames008971.jpg,17
notclean,20181203,17_20181203_frames008972.jpg,17
notclean,20181203,17_20181203_frames008973.jpg,17
notclean,20181203,17_20181203_frames008974.jpg,17
notclean,20181203,17_20181203_frames008975.jpg,17
notclean,20181203,17_20181203_frames008976.jpg,17
notclean,20181203,17_20181203_frames008977.jpg,17
notclean,20181203,17_20181203_frames008978.jpg,17
notclean,20181203,17_20181203_frames008979.jpg,17
notclean,20181203,17_20181203_frames008980.jpg,17
notclean,20181203,17_20181203_frames008981.jpg,17
notclean,20181203,17_20181203_frames008982.jpg,17
notclean,20181203,17_20181203_frames008983.jpg,17
notclean,20181203,17_20181203_frames008984.jpg,17
notclean,20181203,17_20181203_frames008985.jpg,17
notclean,20181203,17_20181203_frames008986.jpg,17
notclean,20181203,17_20181203_frames008987.jpg,17
notclean,20181203,17_20181203_frames008988.jpg,17
notclean,20181203,17_20181203_frames008989.jpg,17
notclean,20181203,17_20181203_frames008990.jpg,17
notclean,20181203,17_20181203_frames008991.jpg,17
notclean,20181203,17_20181203_frames008992.jpg,17
notclean,20181203,17_20181203_frames008993.jpg,17
notclean,20181203,17_20181203_frames008994.jpg,17
notclean,20181203,17_20181203_frames008995.jpg,17
notclean,20181203,17_20181203_frames008996.jpg,17
notclean,20181203,17_20181203_frames008997.jpg,17
notclean,20181203,17_20181203_frames008998.jpg,17
notclean,20181203,17_20181203_frames008999.jpg,17
notclean,20181203,17_20181203_frames009000.jpg,17
notclean,20181203,17_20181203_frames009001.jpg,17
notclean,20181203,17_20181203_frames009002.jpg,17
notclean,20181203,17_20181203_frames009003.jpg,17
notclean,20181203,17_20181203_frames009004.jpg,17
notclean,20181203,17_20181203_frames009005.jpg,17
notclean,20181203,17_20181203_frames009006.jpg,17
notclean,20181203,17_20181203_frames009419.jpg,17
notclean,20181203,17_20181203_frames009420.jpg,17
notclean,20181203,17_20181203_frames009421.jpg,17
notclean,20181203,17_20181203_frames009422.jpg,17
notclean,20181203,17_20181203_frames009423.jpg,17
notclean,20181203,17_20181203_frames009424.jpg,17
notclean,20181203,17_20181203_frames009425.jpg,17
notclean,20181203,17_20181203_frames009426.jpg,17
notclean,20181203,17_20181203_frames009427.jpg,17
notclean,20181203,17_20181203_frames009428.jpg,17
notclean,20181203,17_20181203_frames009429.jpg,17
notclean,20181203,17_20181203_frames009430.jpg,17
notclean,20181203,17_20181203_frames009431.jpg,17
notclean,20181203,17_20181203_frames009432.jpg,17
notclean,20181203,17_20181203_frames009433.jpg,17
notclean,20181203,17_20181203_frames009434.jpg,17
notclean,20181203,17_20181203_frames009435.jpg,17
notclean,20181203,17_20181203_frames009436.jpg,17
notclean,20181203,17_20181203_frames009437.jpg,17
notclean,20181203,17_20181203_frames009438.jpg,17
notclean,20181203,17_20181203_frames009439.jpg,17
notclean,20181203,17_20181203_frames009440.jpg,17
notclean,20181203,17_20181203_frames009441.jpg,17
notclean,20181203,17_20181203_frames009442.jpg,17
notclean,20181203,17_20181203_frames009443.jpg,17
notclean,20181203,17_20181203_frames009444.jpg,17
notclean,20181203,17_20181203_frames009445.jpg,17
notclean,20181203,17_20181203_frames009446.jpg,17
notclean,20181203,17_20181203_frames009447.jpg,17
notclean,20181203,17_20181203_frames009448.jpg,17
notclean,20181203,17_20181203_frames009449.jpg,17
notclean,20181203,17_20181203_frames009450.jpg,17
notclean,20181203,17_20181203_frames009451.jpg,17
notclean,20181203,17_20181203_frames009452.jpg,17
notclean,20181203,17_20181203_frames009453.jpg,17
notclean,20181203,17_20181203_frames009454.jpg,17
notclean,20181203,17_20181203_frames009455.jpg,17
clean,20181203,17_20181203_frames012203.jpg,17
clean,20181203,17_20181203_frames012204.jpg,17
clean,20181203,17_20181203_frames012205.jpg,17
clean,20181203,17_20181203_frames012206.jpg,17
clean,20181203,17_20181203_frames012207.jpg,17
clean,20181203,17_20181203_frames012208.jpg,17
clean,20181203,17_20181203_frames012209.jpg,17
clean,20181203,17_20181203_frames012210.jpg,17
clean,20181203,17_20181203_frames012211.jpg,17
clean,20181203,17_20181203_frames012212.jpg,17
clean,20181203,17_20181203_frames012213.jpg,17
clean,20181203,17_20181203_frames012214.jpg,17
clean,20181203,17_20181203_frames012215.jpg,17
clean,20181203,17_20181203_frames012216.jpg,17
clean,20181203,17_20181203_frames012217.jpg,17
clean,20181203,17_20181203_frames012218.jpg,17
clean,20181203,17_20181203_frames012219.jpg,17
clean,20181203,17_20181203_frames012220.jpg,17
clean,20181203,17_20181203_frames012221.jpg,17
clean,20181203,17_20181203_frames012222.jpg,17
clean,20181203,17_20181203_frames012223.jpg,17
notclean,20181203,17_20181203_frames047250.jpg,17
notclean,20181203,17_20181203_frames047251.jpg,17
notclean,20181203,17_20181203_frames047252.jpg,17
notclean,20181203,17_20181203_frames047253.jpg,17
notclean,20181203,17_20181203_frames047254.jpg,17
notclean,20181203,17_20181203_frames047255.jpg,17
notclean,20181203,17_20181203_frames047256.jpg,17
notclean,20181203,17_20181203_frames047257.jpg,17
notclean,20181203,17_20181203_frames047258.jpg,17
notclean,20181203,17_20181203_frames047259.jpg,17
notclean,20181203,17_20181203_frames047260.jpg,17
notclean,20181203,17_20181203_frames047261.jpg,17
notclean,20181203,17_20181203_frames047262.jpg,17
notclean,20181203,17_20181203_frames047263.jpg,17
notclean,20181203,17_20181203_frames047264.jpg,17
notclean,20181203,17_20181203_frames047265.jpg,17
notclean,20181203,17_20181203_frames047266.jpg,17
notclean,20181203,17_20181203_frames047267.jpg,17
notclean,20181203,17_20181203_frames047268.jpg,17
notclean,20181203,17_20181203_frames047269.jpg,17
notclean,20181203,17_20181203_frames047270.jpg,17
notclean,20181203,17_20181203_frames047271.jpg,17
notclean,20181203,17_20181203_frames047272.jpg,17
notclean,20181203,17_20181203_frames047273.jpg,17
notclean,20181203,17_20181203_frames047274.jpg,17
notclean,20181203,17_20181203_frames047275.jpg,17
notclean,20181203,17_20181203_frames047276.jpg,17
notclean,20181203,17_20181203_frames047277.jpg,17
notclean,20181203,17_20181203_frames047278.jpg,17
notclean,20181203,17_20181203_frames047279.jpg,17
notclean,20181203,17_20181203_frames050224.jpg,17
notclean,20181203,17_20181203_frames050225.jpg,17
notclean,20181203,17_20181203_frames050226.jpg,17
notclean,20181203,17_20181203_frames050227.jpg,17
notclean,20181203,17_20181203_frames050228.jpg,17
notclean,20181203,17_20181203_frames050229.jpg,17
notclean,20181203,17_20181203_frames050230.jpg,17
notclean,20181203,17_20181203_frames050231.jpg,17
notclean,20181203,17_20181203_frames050232.jpg,17
notclean,20181203,17_20181203_frames050233.jpg,17
notclean,20181203,17_20181203_frames050234.jpg,17
notclean,20181203,17_20181203_frames050235.jpg,17
notclean,20181203,17_20181203_frames050236.jpg,17
notclean,20181203,17_20181203_frames050237.jpg,17
notclean,20181203,17_20181203_frames050238.jpg,17
notclean,20181203,17_20181203_frames050239.jpg,17
notclean,20181203,17_20181203_frames050240.jpg,17
notclean,20181203,17_20181203_frames050241.jpg,17
notclean,20181203,17_20181203_frames050242.jpg,17
notclean,20181203,17_20181203_frames050243.jpg,17
notclean,20181203,17_20181203_frames050244.jpg,17
notclean,20181203,17_20181203_frames050245.jpg,17
notclean,20181203,17_20181203_frames062289.jpg,17
notclean,20181203,17_20181203_frames062290.jpg,17
notclean,20181203,17_20181203_frames062291.jpg,17
notclean,20181203,17_20181203_frames062292.jpg,17
notclean,20181203,17_20181203_frames062293.jpg,17
notclean,20181203,17_20181203_frames062294.jpg,17
notclean,20181203,17_20181203_frames062295.jpg,17
notclean,20181203,17_20181203_frames062296.jpg,17
notclean,20181203,17_20181203_frames062297.jpg,17
notclean,20181203,17_20181203_frames062298.jpg,17
notclean,20181203,17_20181203_frames062299.jpg,17
notclean,20181203,17_20181203_frames062300.jpg,17
notclean,20181203,17_20181203_frames062301.jpg,17
notclean,20181203,17_20181203_frames062302.jpg,17
notclean,20181203,17_20181203_frames062303.jpg,17
notclean,20181203,17_20181203_frames062304.jpg,17
notclean,20181203,17_20181203_frames062305.jpg,17
notclean,20181203,17_20181203_frames062306.jpg,17
notclean,20181203,17_20181203_frames062307.jpg,17
notclean,20181203,17_20181203_frames062308.jpg,17
notclean,20181203,17_20181203_frames062309.jpg,17
notclean,20181203,17_20181203_frames062310.jpg,17
notclean,20181203,17_20181203_frames062311.jpg,17
notclean,20181203,17_20181203_frames062312.jpg,17
clean,20181203,17_20181203_frames063984.jpg,17
clean,20181203,17_20181203_frames063985.jpg,17
clean,20181203,17_20181203_frames063986.jpg,17
clean,20181203,17_20181203_frames063987.jpg,17
clean,20181203,17_20181203_frames063988.jpg,17
clean,20181203,17_20181203_frames063989.jpg,17
clean,20181203,17_20181203_frames063990.jpg,17
clean,20181203,17_20181203_frames063991.jpg,17
clean,20181203,17_20181203_frames063992.jpg,17
clean,20181203,17_20181203_frames063993.jpg,17
clean,20181203,17_20181203_frames063994.jpg,17
clean,20181203,17_20181203_frames063995.jpg,17
clean,20181203,17_20181203_frames063996.jpg,17
clean,20181203,17_20181203_frames063997.jpg,17
clean,20181203,17_20181203_frames063998.jpg,17
clean,20181203,17_20181203_frames063999.jpg,17
clean,20181203,17_20181203_frames064000.jpg,17
clean,20181203,17_20181203_frames064001.jpg,17
clean,20181203,17_20181203_frames064002.jpg,17
clean,20181203,17_20181203_frames064003.jpg,17
clean,20181203,17_20181203_frames064004.jpg,17
clean,20181203,17_20181203_frames064005.jpg,17
clean,20181203,17_20181203_frames064016.jpg,17
clean,20181203,17_20181203_frames064017.jpg,17
clean,20181203,17_20181203_frames064018.jpg,17
clean,20181203,17_20181203_frames064019.jpg,17
clean,20181203,17_20181203_frames064020.jpg,17
clean,20181203,17_20181203_frames064021.jpg,17
clean,20181203,17_20181203_frames064022.jpg,17
clean,20181203,17_20181203_frames064023.jpg,17
clean,20181203,17_20181203_frames064024.jpg,17
clean,20181203,17_20181203_frames064025.jpg,17
clean,20181203,17_20181203_frames064026.jpg,17
clean,20181203,17_20181203_frames064027.jpg,17
clean,20181203,17_20181203_frames064028.jpg,17
clean,20181203,17_20181203_frames064029.jpg,17
clean,20181203,17_20181203_frames064030.jpg,17
clean,20181203,17_20181203_frames161323.jpg,17
clean,20181203,17_20181203_frames161324.jpg,17
clean,20181203,17_20181203_frames161325.jpg,17
clean,20181203,17_20181203_frames161326.jpg,17
clean,20181203,17_20181203_frames161327.jpg,17
clean,20181203,17_20181203_frames161328.jpg,17
clean,20181203,17_20181203_frames161329.jpg,17
clean,20181203,17_20181203_frames161330.jpg,17
clean,20181203,17_20181203_frames161331.jpg,17
clean,20181203,17_20181203_frames161332.jpg,17
clean,20181203,17_20181203_frames161333.jpg,17
clean,20181203,17_20181203_frames161334.jpg,17
clean,20181203,17_20181203_frames161335.jpg,17
clean,20181203,17_20181203_frames161336.jpg,17
clean,20181203,17_20181203_frames161337.jpg,17
clean,20181203,17_20181203_frames161338.jpg,17
clean,20181203,17_20181203_frames161339.jpg,17
clean,20181203,17_20181203_frames161340.jpg,17
clean,20181203,17_20181203_frames161341.jpg,17
clean,20181203,17_20181203_frames161342.jpg,17
notclean,20181204,18_20181204_frames003659.jpg,18
notclean,20181204,18_20181204_frames003660.jpg,18
notclean,20181204,18_20181204_frames003661.jpg,18
notclean,20181204,18_20181204_frames003662.jpg,18
notclean,20181204,18_20181204_frames003663.jpg,18
notclean,20181204,18_20181204_frames003664.jpg,18
notclean,20181204,18_20181204_frames003665.jpg,18
notclean,20181204,18_20181204_frames003666.jpg,18
notclean,20181204,18_20181204_frames003667.jpg,18
notclean,20181204,18_20181204_frames003668.jpg,18
notclean,20181204,18_20181204_frames003669.jpg,18
notclean,20181204,18_20181204_frames003670.jpg,18
notclean,20181204,18_20181204_frames003671.jpg,18
notclean,20181204,18_20181204_frames003672.jpg,18
notclean,20181204,18_20181204_frames003673.jpg,18
notclean,20181204,18_20181204_frames003674.jpg,18
notclean,20181204,18_20181204_frames003675.jpg,18
notclean,20181204,18_20181204_frames003676.jpg,18
notclean,20181204,18_20181204_frames003677.jpg,18
notclean,20181204,18_20181204_frames003678.jpg,18
notclean,20181204,18_20181204_frames003679.jpg,18
notclean,20181204,18_20181204_frames003680.jpg,18
notclean,20181204,18_20181204_frames003681.jpg,18
notclean,20181204,18_20181204_frames003682.jpg,18
notclean,20181204,18_20181204_frames003683.jpg,18
notclean,20181204,18_20181204_frames003684.jpg,18
notclean,20181204,18_20181204_frames003685.jpg,18
notclean,20181204,18_20181204_frames003686.jpg,18
notclean,20181204,18_20181204_frames003687.jpg,18
notclean,20181204,18_20181204_frames003688.jpg,18
notclean,20181204,18_20181204_frames003689.jpg,18
notclean,20181204,18_20181204_frames003690.jpg,18
clean,20181204,18_20181204_frames006385.jpg,18
clean,20181204,18_20181204_frames006386.jpg,18
clean,20181204,18_20181204_frames006387.jpg,18
clean,20181204,18_20181204_frames006388.jpg,18
clean,20181204,18_20181204_frames006389.jpg,18
clean,20181204,18_20181204_frames006390.jpg,18
clean,20181204,18_20181204_frames006391.jpg,18
clean,20181204,18_20181204_frames006392.jpg,18
clean,20181204,18_20181204_frames006393.jpg,18
clean,20181204,18_20181204_frames006394.jpg,18
clean,20181204,18_20181204_frames006395.jpg,18
clean,20181204,18_20181204_frames006396.jpg,18
clean,20181204,18_20181204_frames006397.jpg,18
clean,20181204,18_20181204_frames006398.jpg,18
clean,20181204,18_20181204_frames006399.jpg,18
clean,20181204,18_20181204_frames006400.jpg,18
clean,20181204,18_20181204_frames006401.jpg,18
clean,20181204,18_20181204_frames006402.jpg,18
clean,20181204,18_20181204_frames006403.jpg,18
clean,20181204,18_20181204_frames006404.jpg,18
clean,20181204,18_20181204_frames006405.jpg,18
clean,20181204,18_20181204_frames006406.jpg,18
clean,20181204,18_20181204_frames006407.jpg,18
clean,20181204,18_20181204_frames006408.jpg,18
clean,20181204,18_20181204_frames006409.jpg,18
clean,20181204,18_20181204_frames006410.jpg,18
clean,20181204,18_20181204_frames006411.jpg,18
clean,20181204,18_20181204_frames006412.jpg,18
clean,20181204,18_20181204_frames006413.jpg,18
clean,20181204,18_20181204_frames006414.jpg,18
clean,20181204,18_20181204_frames006415.jpg,18
clean,20181204,18_20181204_frames006416.jpg,18
clean,20181204,18_20181204_frames006417.jpg,18
clean,20181112,2_20181112_frames001686.jpg,2
clean,20181112,2_20181112_frames001687.jpg,2
clean,20181112,2_20181112_frames001688.jpg,2
clean,20181112,2_20181112_frames001689.jpg,2
clean,20181112,2_20181112_frames001690.jpg,2
clean,20181112,2_20181112_frames001691.jpg,2
clean,20181112,2_20181112_frames001692.jpg,2
clean,20181112,2_20181112_frames001693.jpg,2
clean,20181112,2_20181112_frames001694.jpg,2
clean,20181112,2_20181112_frames001695.jpg,2
clean,20181112,2_20181112_frames001696.jpg,2
clean,20181112,2_20181112_frames001697.jpg,2
clean,20181112,2_20181112_frames001698.jpg,2
clean,20181112,2_20181112_frames001699.jpg,2
clean,20181112,2_20181112_frames001700.jpg,2
clean,20181112,2_20181112_frames001701.jpg,2
clean,20181112,2_20181112_frames001702.jpg,2
clean,20181112,2_20181112_frames001703.jpg,2
clean,20181112,2_20181112_frames001704.jpg,2
clean,20181112,2_20181112_frames001705.jpg,2
clean,20181112,2_20181112_frames001706.jpg,2
clean,20181112,2_20181112_frames001707.jpg,2
clean,20181112,2_20181112_frames001708.jpg,2
notclean,20181112,2_20181112_frames037974.jpg,2
notclean,20181112,2_20181112_frames037975.jpg,2
notclean,20181112,2_20181112_frames037976.jpg,2
notclean,20181112,2_20181112_frames037977.jpg,2
notclean,20181112,2_20181112_frames037978.jpg,2
notclean,20181112,2_20181112_frames037979.jpg,2
notclean,20181112,2_20181112_frames037980.jpg,2
notclean,20181112,2_20181112_frames037981.jpg,2
notclean,20181112,2_20181112_frames037982.jpg,2
notclean,20181112,2_20181112_frames037983.jpg,2
notclean,20181112,2_20181112_frames037984.jpg,2
notclean,20181112,2_20181112_frames037985.jpg,2
notclean,20181112,2_20181112_frames037986.jpg,2
notclean,20181112,2_20181112_frames037987.jpg,2
notclean,20181112,2_20181112_frames037988.jpg,2
notclean,20181112,2_20181112_frames037989.jpg,2
notclean,20181112,2_20181112_frames037990.jpg,2
notclean,20181112,2_20181112_frames037991.jpg,2
notclean,20181112,2_20181112_frames037992.jpg,2
notclean,20181112,2_20181112_frames037993.jpg,2
notclean,20181112,2_20181112_frames037994.jpg,2
notclean,20181112,2_20181112_frames037995.jpg,2
notclean,20181112,2_20181112_frames037996.jpg,2
notclean,20181112,2_20181112_frames037997.jpg,2
notclean,20181112,2_20181112_frames037998.jpg,2
notclean,20181112,2_20181112_frames037999.jpg,2
notclean,20181112,2_20181112_frames038000.jpg,2
notclean,20181112,2_20181112_frames038001.jpg,2
notclean,20181112,2_20181112_frames038002.jpg,2
notclean,20181112,2_20181112_frames038003.jpg,2
clean,20181119,5_20181119_frames029980.jpg,5
clean,20181119,5_20181119_frames029981.jpg,5
clean,20181119,5_20181119_frames029982.jpg,5
clean,20181119,5_20181119_frames029983.jpg,5
clean,20181119,5_20181119_frames029984.jpg,5
clean,20181119,5_20181119_frames029985.jpg,5
clean,20181119,5_20181119_frames029986.jpg,5
clean,20181119,5_20181119_frames029987.jpg,5
clean,20181119,5_20181119_frames029988.jpg,5
clean,20181119,5_20181119_frames029989.jpg,5
clean,20181119,5_20181119_frames029990.jpg,5
clean,20181119,5_20181119_frames029991.jpg,5
clean,20181119,5_20181119_frames029992.jpg,5
clean,20181119,5_20181119_frames029993.jpg,5
clean,20181119,5_20181119_frames029994.jpg,5
clean,20181119,5_20181119_frames029995.jpg,5
clean,20181119,5_20181119_frames029996.jpg,5
clean,20181119,5_20181119_frames029997.jpg,5
clean,20181119,5_20181119_frames029998.jpg,5
clean,20181119,5_20181119_frames029999.jpg,5
clean,20181119,5_20181119_frames030000.jpg,5
clean,20181119,5_20181119_frames030001.jpg,5
clean,20181119,5_20181119_frames030002.jpg,5
clean,20181119,5_20181119_frames030003.jpg,5
clean,20181119,5_20181119_frames030004.jpg,5
clean,20181119,5_20181119_frames030005.jpg,5
clean,20181119,5_20181119_frames030006.jpg,5
clean,20181119,5_20181119_frames030007.jpg,5
clean,20181119,5_20181119_frames030008.jpg,5
clean,20181119,5_20181119_frames030009.jpg,5
clean,20181119,5_20181119_frames030010.jpg,5
clean,20181119,5_20181119_frames030011.jpg,5
clean,20181119,5_20181119_frames030012.jpg,5
clean,20181119,5_20181119_frames030013.jpg,5
clean,20181119,5_20181119_frames030014.jpg,5
clean,20181119,5_20181119_frames030015.jpg,5
clean,20181119,5_20181119_frames030016.jpg,5
clean,20181119,5_20181119_frames030017.jpg,5
clean,20181119,5_20181119_frames030018.jpg,5
clean,20181119,5_20181119_frames030019.jpg,5
clean,20181119,5_20181119_frames030020.jpg,5
clean,20181119,5_20181119_frames030021.jpg,5
clean,20181119,5_20181119_frames030022.jpg,5
clean,20181119,5_20181119_frames030023.jpg,5
clean,20181119,5_20181119_frames030024.jpg,5
clean,20181119,5_20181119_frames030025.jpg,5
clean,20181119,5_20181119_frames030026.jpg,5
clean,20181119,5_20181119_frames030027.jpg,5
clean,20181119,5_20181119_frames030028.jpg,5
clean,20181119,5_20181119_frames030029.jpg,5
clean,20181119,5_20181119_frames030030.jpg,5
clean,20181119,5_20181119_frames030031.jpg,5
clean,20181119,5_20181119_frames030032.jpg,5
clean,20181119,5_20181119_frames030033.jpg,5
clean,20181119,5_20181119_frames030034.jpg,5
clean,20181119,5_20181119_frames036264.jpg,5
clean,20181119,5_20181119_frames036265.jpg,5
clean,20181119,5_20181119_frames036266.jpg,5
clean,20181119,5_20181119_frames036267.jpg,5
clean,20181119,5_20181119_frames036268.jpg,5
clean,20181119,5_20181119_frames036269.jpg,5
clean,20181119,5_20181119_frames036270.jpg,5
clean,20181119,5_20181119_frames036271.jpg,5
clean,20181119,5_20181119_frames036272.jpg,5
clean,20181119,5_20181119_frames036273.jpg,5
clean,20181119,5_20181119_frames036274.jpg,5
clean,20181119,5_20181119_frames036275.jpg,5
clean,20181119,5_20181119_frames036276.jpg,5
clean,20181119,5_20181119_frames036277.jpg,5
clean,20181119,5_20181119_frames036278.jpg,5
clean,20181119,5_20181119_frames036279.jpg,5
clean,20181119,5_20181119_frames036280.jpg,5
notclean,20181119,5_20181119_frames039883.jpg,5
notclean,20181119,5_20181119_frames039884.jpg,5
notclean,20181119,5_20181119_frames039885.jpg,5
notclean,20181119,5_20181119_frames039886.jpg,5
notclean,20181119,5_20181119_frames039887.jpg,5
notclean,20181119,5_20181119_frames039888.jpg,5
notclean,20181119,5_20181119_frames039889.jpg,5
notclean,20181119,5_20181119_frames039890.jpg,5
notclean,20181119,5_20181119_frames039891.jpg,5
notclean,20181119,5_20181119_frames039892.jpg,5
notclean,20181119,5_20181119_frames039893.jpg,5
notclean,20181119,5_20181119_frames039894.jpg,5
notclean,20181119,5_20181119_frames039895.jpg,5
notclean,20181119,5_20181119_frames039896.jpg,5
notclean,20181119,5_20181119_frames039897.jpg,5
notclean,20181119,5_20181119_frames039898.jpg,5
notclean,20181119,5_20181119_frames039899.jpg,5
notclean,20181119,5_20181119_frames039900.jpg,5
notclean,20181119,5_20181119_frames039901.jpg,5
notclean,20181119,5_20181119_frames039902.jpg,5
notclean,20181119,5_20181119_frames039903.jpg,5
notclean,20181119,5_20181119_frames039904.jpg,5
notclean,20181119,5_20181119_frames039905.jpg,5
notclean,20181119,5_20181119_frames039906.jpg,5
notclean,20181119,5_20181119_frames039907.jpg,5
notclean,20181119,5_20181119_frames039908.jpg,5
notclean,20181119,5_20181119_frames039909.jpg,5
notclean,20181119,5_20181119_frames039910.jpg,5
notclean,20181119,5_20181119_frames039911.jpg,5
notclean,20181119,5_20181119_frames039912.jpg,5
notclean,20181119,5_20181119_frames039913.jpg,5
clean,20181119,5_20181119_frames041995.jpg,5
clean,20181119,5_20181119_frames041996.jpg,5
clean,20181119,5_20181119_frames041997.jpg,5
clean,20181119,5_20181119_frames041998.jpg,5
clean,20181119,5_20181119_frames041999.jpg,5
clean,20181119,5_20181119_frames042000.jpg,5
clean,20181119,5_20181119_frames042001.jpg,5
clean,20181119,5_20181119_frames042002.jpg,5
clean,20181119,5_20181119_frames042003.jpg,5
clean,20181119,5_20181119_frames042004.jpg,5
clean,20181119,5_20181119_frames042005.jpg,5
clean,20181119,5_20181119_frames042006.jpg,5
clean,20181119,5_20181119_frames042007.jpg,5
clean,20181119,5_20181119_frames042008.jpg,5
clean,20181119,5_20181119_frames042009.jpg,5
clean,20181119,5_20181119_frames042010.jpg,5
clean,20181119,5_20181119_frames042011.jpg,5
clean,20181119,5_20181119_frames042012.jpg,5
clean,20181119,5_20181119_frames042013.jpg,5
clean,20181119,5_20181119_frames042014.jpg,5
clean,20181119,5_20181119_frames042015.jpg,5
clean,20181119,5_20181119_frames042016.jpg,5
clean,20181119,5_20181119_frames042017.jpg,5
clean,20181119,5_20181119_frames042018.jpg,5
clean,20181119,5_20181119_frames042019.jpg,5
clean,20181119,5_20181119_frames042020.jpg,5
clean,20181119,5_20181119_frames042021.jpg,5
clean,20181119,5_20181119_frames042022.jpg,5
clean,20181119,5_20181119_frames042023.jpg,5
clean,20181119,5_20181119_frames042024.jpg,5
clean,20181119,5_20181119_frames042025.jpg,5
clean,20181119,5_20181119_frames042026.jpg,5
clean,20181119,5_20181119_frames042027.jpg,5
clean,20181119,5_20181119_frames042028.jpg,5
clean,20181119,5_20181119_frames042029.jpg,5
clean,20181119,5_20181119_frames042030.jpg,5
clean,20181119,5_20181119_frames042031.jpg,5
clean,20181119,5_20181119_frames042032.jpg,5
clean,20181119,5_20181119_frames042033.jpg,5
clean,20181119,5_20181119_frames042034.jpg,5
clean,20181119,5_20181119_frames042035.jpg,5
clean,20181119,5_20181119_frames042036.jpg,5
clean,20181119,5_20181119_frames042037.jpg,5
clean,20181119,5_20181119_frames042038.jpg,5
clean,20181119,5_20181119_frames042039.jpg,5
clean,20181119,5_20181119_frames042040.jpg,5
clean,20181119,5_20181119_frames042041.jpg,5
clean,20181119,5_20181119_frames042042.jpg,5
clean,20181119,5_20181119_frames042043.jpg,5
clean,20181119,5_20181119_frames042044.jpg,5
clean,20181119,5_20181119_frames042045.jpg,5
clean,20181119,5_20181119_frames042046.jpg,5
clean,20181119,5_20181119_frames042047.jpg,5
clean,20181119,5_20181119_frames042048.jpg,5
clean,20181119,5_20181119_frames042049.jpg,5
clean,20181119,5_20181119_frames042050.jpg,5
clean,20181119,5_20181119_frames042051.jpg,5
clean,20181119,5_20181119_frames042052.jpg,5
clean,20181119,5_20181119_frames042053.jpg,5
clean,20181119,5_20181119_frames042054.jpg,5
clean,20181119,5_20181119_frames042055.jpg,5
clean,20181119,5_20181119_frames042056.jpg,5
clean,20181119,5_20181119_frames042057.jpg,5
notclean,20181119,5_20181119_frames082305.jpg,5
notclean,20181119,5_20181119_frames082306.jpg,5
notclean,20181119,5_20181119_frames082307.jpg,5
notclean,20181119,5_20181119_frames082308.jpg,5
notclean,20181119,5_20181119_frames082309.jpg,5
notclean,20181119,5_20181119_frames082310.jpg,5
notclean,20181119,5_20181119_frames082311.jpg,5
notclean,20181119,5_20181119_frames082312.jpg,5
notclean,20181119,5_20181119_frames082313.jpg,5
notclean,20181119,5_20181119_frames082314.jpg,5
notclean,20181119,5_20181119_frames082315.jpg,5
notclean,20181119,5_20181119_frames082316.jpg,5
notclean,20181119,5_20181119_frames082317.jpg,5
notclean,20181119,5_20181119_frames082318.jpg,5
notclean,20181119,5_20181119_frames082319.jpg,5
notclean,20181119,5_20181119_frames082320.jpg,5
notclean,20181119,5_20181119_frames082321.jpg,5
notclean,20181119,5_20181119_frames082322.jpg,5
notclean,20181119,5_20181119_frames082323.jpg,5
notclean,20181119,5_20181119_frames082324.jpg,5
notclean,20181119,5_20181119_frames082325.jpg,5
notclean,20181119,5_20181119_frames082326.jpg,5
notclean,20181119,5_20181119_frames082327.jpg,5
notclean,20181119,5_20181119_frames082328.jpg,5
notclean,20181119,5_20181119_frames082329.jpg,5
notclean,20181119,5_20181119_frames082330.jpg,5
notclean,20181119,5_20181119_frames082331.jpg,5
notclean,20181119,5_20181119_frames082332.jpg,5
notclean,20181119,5_20181119_frames082333.jpg,5
notclean,20181119,5_20181119_frames082334.jpg,5
notclean,20181119,5_20181119_frames082335.jpg,5
notclean,20181119,5_20181119_frames082336.jpg,5
notclean,20181119,5_20181119_frames082337.jpg,5
notclean,20181119,5_20181119_frames082338.jpg,5
notclean,20181119,5_20181119_frames085551.jpg,5
notclean,20181119,5_20181119_frames085552.jpg,5
notclean,20181119,5_20181119_frames085553.jpg,5
notclean,20181119,5_20181119_frames085554.jpg,5
notclean,20181119,5_20181119_frames085555.jpg,5
notclean,20181119,5_20181119_frames085556.jpg,5
notclean,20181119,5_20181119_frames085557.jpg,5
notclean,20181119,5_20181119_frames085558.jpg,5
notclean,20181119,5_20181119_frames085559.jpg,5
notclean,20181119,5_20181119_frames085560.jpg,5
notclean,20181119,5_20181119_frames085561.jpg,5
notclean,20181119,5_20181119_frames085562.jpg,5
notclean,20181119,5_20181119_frames085563.jpg,5
notclean,20181119,5_20181119_frames085564.jpg,5
notclean,20181119,5_20181119_frames085565.jpg,5
notclean,20181119,5_20181119_frames085566.jpg,5
notclean,20181119,5_20181119_frames085567.jpg,5
notclean,20181119,5_20181119_frames085568.jpg,5
notclean,20181119,5_20181119_frames085569.jpg,5
notclean,20181119,5_20181119_frames085570.jpg,5
notclean,20181119,5_20181119_frames085571.jpg,5
notclean,20181119,5_20181119_frames093670.jpg,5
notclean,20181119,5_20181119_frames093671.jpg,5
notclean,20181119,5_20181119_frames093672.jpg,5
notclean,20181119,5_20181119_frames093673.jpg,5
notclean,20181119,5_20181119_frames093674.jpg,5
notclean,20181119,5_20181119_frames093675.jpg,5
notclean,20181119,5_20181119_frames093676.jpg,5
notclean,20181119,5_20181119_frames093677.jpg,5
notclean,20181119,5_20181119_frames093678.jpg,5
notclean,20181119,5_20181119_frames093679.jpg,5
notclean,20181119,5_20181119_frames093680.jpg,5
notclean,20181119,5_20181119_frames093681.jpg,5
notclean,20181119,5_20181119_frames093682.jpg,5
notclean,20181119,5_20181119_frames093683.jpg,5
notclean,20181119,5_20181119_frames093684.jpg,5
notclean,20181119,5_20181119_frames093685.jpg,5
notclean,20181119,5_20181119_frames093686.jpg,5
notclean,20181119,5_20181119_frames093687.jpg,5
notclean,20181119,5_20181119_frames093688.jpg,5
notclean,20181119,5_20181119_frames093689.jpg,5
notclean,20181119,5_20181119_frames093690.jpg,5
notclean,20181119,5_20181119_frames093691.jpg,5
notclean,20181119,5_20181119_frames093692.jpg,5
notclean,20181119,5_20181119_frames093693.jpg,5
notclean,20181119,5_20181119_frames093694.jpg,5
notclean,20181119,5_20181119_frames093695.jpg,5
notclean,20181119,5_20181119_frames093696.jpg,5
notclean,20181119,5_20181119_frames093697.jpg,5
notclean,20181119,5_20181119_frames093698.jpg,5
notclean,20181119,5_20181119_frames093699.jpg,5
notclean,20181119,5_20181119_frames093700.jpg,5
notclean,20181119,5_20181119_frames093701.jpg,5
notclean,20181119,5_20181119_frames093702.jpg,5
notclean,20181119,5_20181119_frames093703.jpg,5
notclean,20181119,5_20181119_frames093704.jpg,5
notclean,20181119,5_20181119_frames093705.jpg,5
notclean,20181119,5_20181119_frames093706.jpg,5
notclean,20181119,5_20181119_frames093707.jpg,5
clean,20181119,5_20181119_frames094950.jpg,5
clean,20181119,5_20181119_frames094951.jpg,5
clean,20181119,5_20181119_frames094952.jpg,5
clean,20181119,5_20181119_frames094953.jpg,5
clean,20181119,5_20181119_frames094954.jpg,5
clean,20181119,5_20181119_frames094955.jpg,5
clean,20181119,5_20181119_frames094956.jpg,5
clean,20181119,5_20181119_frames094957.jpg,5
clean,20181119,5_20181119_frames094958.jpg,5
clean,20181119,5_20181119_frames094959.jpg,5
clean,20181119,5_20181119_frames094960.jpg,5
clean,20181119,5_20181119_frames094961.jpg,5
clean,20181119,5_20181119_frames094962.jpg,5
clean,20181119,5_20181119_frames094963.jpg,5
clean,20181119,5_20181119_frames094964.jpg,5
clean,20181119,5_20181119_frames094965.jpg,5
clean,20181119,5_20181119_frames097130.jpg,5
clean,20181119,5_20181119_frames097131.jpg,5
clean,20181119,5_20181119_frames097132.jpg,5
clean,20181119,5_20181119_frames097133.jpg,5
clean,20181119,5_20181119_frames097134.jpg,5
clean,20181119,5_20181119_frames097135.jpg,5
clean,20181119,5_20181119_frames097136.jpg,5
clean,20181119,5_20181119_frames097137.jpg,5
clean,20181119,5_20181119_frames097138.jpg,5
clean,20181119,5_20181119_frames097139.jpg,5
clean,20181119,5_20181119_frames097140.jpg,5
clean,20181119,5_20181119_frames097141.jpg,5
clean,20181119,5_20181119_frames097142.jpg,5
clean,20181119,5_20181119_frames097143.jpg,5
clean,20181119,5_20181119_frames097144.jpg,5
clean,20181119,5_20181119_frames097145.jpg,5
notclean,20181119,5_20181119_frames100616.jpg,5
notclean,20181119,5_20181119_frames100617.jpg,5
notclean,20181119,5_20181119_frames100618.jpg,5
notclean,20181119,5_20181119_frames100619.jpg,5
notclean,20181119,5_20181119_frames100620.jpg,5
notclean,20181119,5_20181119_frames100621.jpg,5
notclean,20181119,5_20181119_frames100622.jpg,5
notclean,20181119,5_20181119_frames100623.jpg,5
notclean,20181119,5_20181119_frames100624.jpg,5
notclean,20181119,5_20181119_frames100625.jpg,5
notclean,20181119,5_20181119_frames100626.jpg,5
notclean,20181119,5_20181119_frames100627.jpg,5
notclean,20181119,5_20181119_frames100628.jpg,5
notclean,20181119,5_20181119_frames100629.jpg,5
notclean,20181119,5_20181119_frames100630.jpg,5
notclean,20181119,5_20181119_frames100631.jpg,5
notclean,20181119,5_20181119_frames100632.jpg,5
clean,20181122,8_20181122_frames001281.jpg,8
clean,20181122,8_20181122_frames001282.jpg,8
clean,20181122,8_20181122_frames001283.jpg,8
clean,20181122,8_20181122_frames001284.jpg,8
clean,20181122,8_20181122_frames001285.jpg,8
clean,20181122,8_20181122_frames001286.jpg,8
clean,20181122,8_20181122_frames001287.jpg,8
clean,20181122,8_20181122_frames001288.jpg,8
clean,20181122,8_20181122_frames001289.jpg,8
clean,20181122,8_20181122_frames001290.jpg,8
clean,20181122,8_20181122_frames001291.jpg,8
clean,20181122,8_20181122_frames001292.jpg,8
clean,20181122,8_20181122_frames001293.jpg,8
clean,20181122,8_20181122_frames001294.jpg,8
clean,20181122,8_20181122_frames001295.jpg,8
clean,20181122,8_20181122_frames001296.jpg,8
clean,20181122,8_20181122_frames001297.jpg,8
clean,20181122,8_20181122_frames001298.jpg,8
clean,20181122,8_20181122_frames001299.jpg,8
clean,20181122,8_20181122_frames001300.jpg,8
clean,20181122,8_20181122_frames001301.jpg,8
clean,20181122,8_20181122_frames001302.jpg,8
clean,20181122,8_20181122_frames001303.jpg,8
clean,20181122,8_20181122_frames001304.jpg,8
clean,20181122,8_20181122_frames001305.jpg,8
clean,20181122,8_20181122_frames001306.jpg,8
clean,20181122,8_20181122_frames001307.jpg,8
clean,20181122,8_20181122_frames001308.jpg,8
clean,20181122,8_20181122_frames001309.jpg,8
clean,20181122,8_20181122_frames001310.jpg,8
clean,20181122,8_20181122_frames001311.jpg,8
clean,20181122,8_20181122_frames001312.jpg,8
clean,20181122,8_20181122_frames001313.jpg,8
clean,20181122,8_20181122_frames001314.jpg,8
clean,20181122,8_20181122_frames001315.jpg,8
clean,20181122,8_20181122_frames001316.jpg,8
clean,20181122,8_20181122_frames001317.jpg,8
clean,20181122,8_20181122_frames001318.jpg,8
clean,20181122,8_20181122_frames001319.jpg,8
clean,20181122,8_20181122_frames001320.jpg,8
clean,20181122,8_20181122_frames001321.jpg,8
clean,20181122,8_20181122_frames001322.jpg,8
clean,20181122,8_20181122_frames001323.jpg,8
clean,20181122,8_20181122_frames001324.jpg,8
clean,20181122,8_20181122_frames001325.jpg,8
clean,20181122,8_20181122_frames001326.jpg,8
clean,20181122,8_20181122_frames001327.jpg,8
clean,20181122,8_20181122_frames001328.jpg,8
clean,20181122,8_20181122_frames001329.jpg,8
clean,20181122,8_20181122_frames001330.jpg,8
clean,20181122,8_20181122_frames001331.jpg,8
clean,20181122,8_20181122_frames001332.jpg,8
clean,20181122,8_20181122_frames001333.jpg,8
clean,20181122,8_20181122_frames001334.jpg,8
clean,20181122,8_20181122_frames001335.jpg,8
clean,20181122,8_20181122_frames001336.jpg,8
clean,20181122,8_20181122_frames001337.jpg,8
clean,20181122,8_20181122_frames001338.jpg,8
clean,20181122,8_20181122_frames001339.jpg,8
clean,20181122,8_20181122_frames001340.jpg,8
notclean,20181122,8_20181122_frames027014.jpg,8
notclean,20181122,8_20181122_frames027015.jpg,8
notclean,20181122,8_20181122_frames027016.jpg,8
notclean,20181122,8_20181122_frames027017.jpg,8
notclean,20181122,8_20181122_frames027018.jpg,8
notclean,20181122,8_20181122_frames027019.jpg,8
notclean,20181122,8_20181122_frames027020.jpg,8
notclean,20181122,8_20181122_frames027021.jpg,8
notclean,20181122,8_20181122_frames027022.jpg,8
notclean,20181122,8_20181122_frames027023.jpg,8
notclean,20181122,8_20181122_frames027024.jpg,8
notclean,20181122,8_20181122_frames027025.jpg,8
notclean,20181122,8_20181122_frames027026.jpg,8
notclean,20181122,8_20181122_frames027027.jpg,8
notclean,20181122,8_20181122_frames027028.jpg,8
notclean,20181122,8_20181122_frames027029.jpg,8
notclean,20181122,8_20181122_frames027030.jpg,8
notclean,20181122,8_20181122_frames027031.jpg,8
notclean,20181122,8_20181122_frames027032.jpg,8
notclean,20181122,8_20181122_frames027033.jpg,8
notclean,20181122,8_20181122_frames027034.jpg,8
notclean,20181122,8_20181122_frames027035.jpg,8
notclean,20181122,8_20181122_frames027036.jpg,8
